workers,media_recortada_s,speedup,eficiencia,ganancia_marginal_pct,equilibrio,baseline_secuencial_s
1,252.2239,0.99,0.99,,0,249.1500
2,131.6436,1.89,0.95,47.81,0,249.1500
3,92.6700,2.69,0.90,29.61,0,249.1500
4,72.4433,3.44,0.86,21.83,0,249.1500
5,62.8392,3.96,0.79,13.26,1,249.1500
6,62.1383,4.01,0.67,1.12,0,249.1500
7,55.8059,4.46,0.64,10.19,0,249.1500
8,56.6834,4.40,0.55,-1.57,0,249.1500
9,59.8892,4.16,0.46,-5.66,0,249.1500
10,53.1461,4.69,0.47,11.26,0,249.1500
11,52.9444,4.71,0.43,0.38,0,249.1500
12,52.6458,4.73,0.39,0.56,0,249.1500
13,52.5435,4.74,0.36,0.19,0,249.1500
14,52.0374,4.79,0.34,0.96,0,249.1500
15,52.0422,4.79,0.32,-0.01,0,249.1500
16,53.9850,4.62,0.29,-3.73,0,249.1500
17,54.3590,4.58,0.27,-0.69,0,249.1500
18,55.3711,4.50,0.25,-1.86,0,249.1500
19,56.2164,4.43,0.23,-1.53,0,249.1500
20,46.4134,5.37,0.27,17.44,0,249.1500
